Timestamp	DateTimeStamp	DateTimeStampStartOffset	Number	GazePointXLeft	GazePointYLeft	CamXLeft	CamYLeft	DistanceLeft	PupilLeft	ValidityLeft	GazePointXRight	GazePointYRight	CamXRight	CamYRight	DistanceRight	PupilRight	ValidityRight	FixationIndex	GazePointX	GazePointY	Event	EventKey	Data1	Data2	Descriptor	StimuliName	StimuliID	MediaWidth	MediaHeight	MediaPosX	MediaPosY	MappedFixationPointX	MappedFixationPointY	FixationDuration	AoiIds	AoiNames	WebGroupImage	MappedGazeDataPointX	MappedGazeDataPointY	MicroSecondTimestamp	AbsoluteMicroSecondTimestamp
29541	12:27:42.791	00:00:29.541	1482	817,1123	475,8389	0,6564937	0,5246552	656,653	3,731173	0	833,135	417,254	0,4003417	0,5322269	658,3642	3,413544	0	106	825	447						Night.jpg	0	1280	1024	0	0	812	443	279	0	Content		825	447	29541028	1062074866
29561	12:27:42.811	00:00:29.561	1483	811,1124	459,1951	0,6564289	0,5259597	656,653	3,6018	0	813,1464	429,0584	0,4002531	0,5334244	658,3642	3,429063	0	106	812	444						Night.jpg	0	1280	1024	0	0	812	443	279	0	Content		812	444	29561022	1062094860
29581	12:27:42.831	00:00:29.580	1484	789,9558	443,9404	0,656435	0,5272821	656,653	3,490619	0	831,3687	405,1038	0,4002896	0,5347925	658,3642	3,457838	0	106	811	425						Night.jpg	0	1280	1024	0	0	812	443	279	0	Content		811	425	29580879	1062114717
29601	12:27:42.851	00:00:29.600	1485	806,6407	440,5716	0,656557	0,5282963	656,653	3,510397	0	838,0301	424,5278	0,400419	0,5358369	658,3642	3,540505	0	106	822	433						Night.jpg	0	1280	1024	0	0	812	443	279	0	Content		822	433	29600901	1062134739
29621	12:27:42.871	00:00:29.620	1486	801,236	481,0506	0,6567189	0,5284888	656,653	3,707392	0	820,3689	439,9117	0,4004977	0,5360616	658,3642	3,483661	0	106	811	460						Night.jpg	0	1280	1024	0	0	812	443	279	0	Content		811	460	29620780	1062154618
29641	12:27:42.891	00:00:29.640	1487	793,5955	472,2707	0,6569014	0,5281935	657,8094	3,671782	0	829,8746	432,6637	0,4006835	0,5355691	658,6183	3,521137	0	106	812	452						Night.jpg	0	1280	1024	0	0	812	443	279	0	Content		812	452	29640751	1062174589
29661	12:27:42.911	00:00:29.660	1488	809,4178	460,8693	0,6570014	0,5270766	657,8094	3,694771	0	833,9471	426,5572	0,4008302	0,5343728	658,6183	3,480079	0	106	822	444						Night.jpg	0	1280	1024	0	0	812	443	279	0	Content		822	444	29660650	1062194488
29681	12:27:42.931	00:00:29.680	1489	800,8812	488,7179	0,6570088	0,5255219	657,8094	3,942632	0	834,1691	396,9093	0,4008693	0,5330852	658,6183	3,617554	0	106	818	443						Night.jpg	0	1280	1024	0	0	812	443	279	0	Content		818	443	29680613	1062214451
29700	12:27:42.950	00:00:29.700	1490	790,3738	444,3517	0,6569406	0,5242578	657,8094	3,631648	0	831,5562	427,8239	0,4007375	0,531734	658,6183	3,634893	0	106	811	436						Night.jpg	0	1280	1024	0	0	812	443	279	0	Content		811	436	29700483	1062234321
29720	12:27:42.970	00:00:29.720	1491	751,3984	446,4326	0,6571003	0,5232991	657,8094	3,630689	0	773,948	436,9878	0,4010153	0,5309329	658,6183	3,597022	0	106	763	442						Night.jpg	0	1280	1024	0	0	812	443	279	0	Content		763	442	29720477	1062254315
29740	12:27:42.990	00:00:29.740	1492	738,0609	447,378	0,6586276	0,5228021	657,1956	3,626458	0	769,8416	427,555	0,4028349	0,5303877	660,4672	3,605711	0	107	754	437						Night.jpg	0	1280	1024	0	0	498	378	179	0	Content		754	437	29740367	1062274205
29760	12:27:43.010	00:00:29.760	1493	507,9266	412,9015	0,6590504	0,5235687	657,1956	3,589171	0	510,0209	370,1418	0,4033067	0,5311533	660,4672	3,577791	0	107	509	392						Night.jpg	0	1280	1024	0	0	498	378	179	0	Content		509	392	29760252	1062294090
29780	12:27:43.030	00:00:29.780	1494	499,577	371,2606	0,6589958	0,5250238	657,1956	3,651638	0	496,3603	385,5246	0,4030282	0,5325028	660,4672	3,585459	0	107	498	378						Night.jpg	0	1280	1024	0	0	498	378	179	0	Content		498	378	29780232	1062314070
29800	12:27:43.050	00:00:29.800	1495	478,0358	370,4206	0,6591204	0,5265282	657,1956	3,553712	0	497,4269	376,8801	0,4032129	0,5340751	660,4672	3,554163	0	107	488	374						Night.jpg	0	1280	1024	0	0	498	378	179	0	Content		488	374	29800141	1062333979
29820	12:27:43.070	00:00:29.820	1496	496,8724	389,5265	0,6595115	0,5278617	657,1956	3,612599	0	512,9674	369,4941	0,4034418	0,5352032	660,4672	3,577206	0	107	505	380						Night.jpg	0	1280	1024	0	0	498	378	179	0	Content		505	380	29820093	1062353931
29840	12:27:43.090	00:00:29.840	1497	490,3614	365,9897	0,6599236	0,5284175	657,5192	3,623025	0	506,61	383,7029	0,4039353	0,5359913	656,2759	3,551258	0	107	498	375						Night.jpg	0	1280	1024	0	0	498	378	179	0	Content		498	375	29840091	1062373929
29860	12:27:43.110	00:00:29.860	1498	498,1381	351,8232	0,6604635	0,5283336	657,5192	3,589742	0	486,1214	360,4059	0,404366	0,5356176	656,2759	3,564918	0	107	492	356						Night.jpg	0	1280	1024	0	0	498	378	179	0	Content		492	356	29860022	1062393860
29880	12:27:43.130	00:00:29.879	1499	484,1116	395,9682	0,6608281	0,5273921	657,5192	3,601979	0	503,2393	360,1985	0,4047681	0,5346134	656,2759	3,606405	0	107	494	378						Night.jpg	0	1280	1024	0	0	498	378	179	0	Content		494	378	29879992	1062413830
29900	12:27:43.150	00:00:29.899	1500	501,7781	394,7965	0,6611845	0,5262262	657,5192	3,651507	0	499,4879	387,9999	0,4050367	0,5331934	656,2759	3,539695	0	107	501	391						Night.jpg	0	1280	1024	0	0	498	378	179	0	Content		501	391	29899868	1062433706
29920	12:27:43.170	00:00:29.919	1501	344,1956	394,3676	0,6622845	0,5250309	657,5192	3,744322	0	393,0139	343,7044	0,4064288	0,5319967	656,2759	3,655211	0	108	369	369						Night.jpg	0	1280	1024	0	0	267	388	279	0	Content		369	369	29919852	1062453690
29940	12:27:43.190	00:00:29.939	1502	332,8952	404,1749	0,6636268	0,5244457	652,4915	3,747813	0	391,5627	350,2413	0,4080845	0,5310959	655,7867	3,646616	0	108	362	377						Night.jpg	0	1280	1024	0	0	267	388	279	0	Content		362	377	29939759	1062473597
29960	12:27:43.210	00:00:29.959	1503	252,5668	396,7989	0,6640657	0,5244075	652,4915	3,630432	0	298,0997	372,8387	0,4082231	0,5307484	655,7867	3,609691	0	108	275	385						Night.jpg	0	1280	1024	0	0	267	388	279	0	Content		275	385	29959759	1062493597
29980	12:27:43.230	00:00:29.979	1504	249,8569	419,5492	0,6643461	0,5247979	652,4915	3,615077	0	262,9268	405,9853	0,4084611	0,5311684	655,7867	3,565538	0	108	256	413						Night.jpg	0	1280	1024	0	0	267	388	279	0	Content		256	413	29979593	1062513431
30000	12:27:43.250	00:00:29.999	1505	264,2632	392,6729	0,6646718	0,5258929	652,4915	3,59612	0	275,692	384,143	0,4087754	0,5319784	655,7867	3,547971	0	108	270	388						Night.jpg	0	1280	1024	0	0	267	388	279	0	Content		270	388	29999657	1062533495
30019	12:27:43.269	00:00:30.019	1506	257,1439	388,5455	0,6648616	0,52717	652,4915	3,652536	0	280,1877	390,9321	0,409028	0,5330371	655,7867	3,546873	0	108	269	390						Night.jpg	0	1280	1024	0	0	267	388	279	0	Content		269	390	30019458	1062553296
30039	12:27:43.289	00:00:30.039	1507	259,5669	391,1098	0,6649972	0,5282666	653,0216	3,644819	0	280,2753	405,4525	0,4091065	0,5340101	651,8785	3,525363	0	108	270	398						Night.jpg	0	1280	1024	0	0	267	388	279	0	Content		270	398	30039436	1062573274
30059	12:27:43.309	00:00:30.059	1508	253,4561	418,2791	0,6651348	0,5285599	653,0216	3,702027	0	285,8463	403,6695	0,4091713	0,5341678	651,8785	3,538392	0	108	270	411						Night.jpg	0	1280	1024	0	0	267	388	279	0	Content		270	411	30059390	1062593228
30079	12:27:43.329	00:00:30.079	1509	258,679	408,1042	0,6654194	0,5283647	653,0216	3,610227	0	274,9309	405,2005	0,4093388	0,5340248	651,8785	3,49215	0	108	267	407						Night.jpg	0	1280	1024	0	0	267	388	279	0	Content		267	407	30079199	1062613037
30099	12:27:43.349	00:00:30.099	1510	249,0428	419,8871	0,6655692	0,5274072	653,0216	3,634771	0	273,7295	379,4268	0,4096589	0,5330654	651,8785	3,517433	0	108	261	400						Night.jpg	0	1280	1024	0	0	267	388	279	0	Content		261	400	30099285	1062633123
30119	12:27:43.369	00:00:30.119	1511	252,9479	412,0926	0,6659796	0,5262691	653,0216	3,657619	0	254,8698	356,3798	0,4099055	0,5320032	651,8785	3,685054	0	108	254	384						Night.jpg	0	1280	1024	0	0	267	388	279	0	Content		254	384	30119063	1062652901
30139	12:27:43.389	00:00:30.139	1512	251,955	405,7141	0,6663288	0,5253883	654,7782	3,623544	0	243,6838	334,4259	0,4103006	0,5308576	657,0276	3,708553	0	108	248	370						Night.jpg	0	1280	1024	0	0	267	388	279	0	Content		248	370	30139069	1062672907
30159	12:27:43.409	00:00:30.158	1513	250,6622	422,7179	0,6666686	0,5246044	654,7782	3,719928	0	281,1689	333,2921	0,4105656	0,5301918	657,0276	3,580611	0	108	266	378						Night.jpg	0	1280	1024	0	0	267	388	279	0	Content		266	378	30158946	1062692784
30179	12:27:43.429	00:00:30.178	1514	237,1742	382,9128	0,6668525	0,5249407	654,7782	3,676873	0	257,2567	378,8718	0,4108991	0,5302398	657,0276	3,617395	0	108	247	381						Night.jpg	0	1280	1024	0	0	267	388	279	0	Content		247	381	30178938	1062712776
30199	12:27:43.449	00:00:30.198	1515	245,9466	551,9847	0,6668143	0,5264391	654,7782	3,65874	0	207,3873	528,0348	0,4115533	0,5315195	657,0276	3,636939	0	109	227	540						Night.jpg	0	1280	1024	0	0	230	529	199	0	Content		227	540	30198824	1062732662
30219	12:27:43.469	00:00:30.218	1516	230,7334	552,9564	0,6669392	0,527439	654,7782	3,673344	0	239,5627	527,6782	0,4113105	0,532331	657,0276	3,72877	0	109	235	540						Night.jpg	0	1280	1024	0	0	230	529	199	0	Content		235	540	30218801	1062752639
30239	12:27:43.489	00:00:30.238	1517	229,1403	549,2205	0,6669656	0,5284463	658,2128	3,684698	0	218,8337	526,5341	0,4112505	0,5332752	656,285	3,760285	0	109	224	538						Night.jpg	0	1280	1024	0	0	230	529	199	0	Content		224	538	30238672	1062772510
30259	12:27:43.509	00:00:30.258	1518	230,4198	521,5023	0,667033	0,5292567	658,2128	3,742055	0	234,8599	544,8674	0,4112684	0,5340431	656,285	3,765231	0	109	233	533						Night.jpg	0	1280	1024	0	0	230	529	199	0	Content		233	533	30258736	1062792574
30279	12:27:43.529	00:00:30.278	1519	208,1233	537,483	0,6672865	0,5293587	658,2128	3,743638	0	252,0702	494,0931	0,4113359	0,5341074	656,285	3,759329	0	109	230	516						Night.jpg	0	1280	1024	0	0	230	529	199	0	Content		230	516	30278554	1062812392
30299	12:27:43.549	00:00:30.298	1520	208,4468	538,5592	0,6676836	0,529301	658,2128	3,781771	0	234,1443	520,0787	0,4116936	0,5339038	656,285	3,702034	0	109	221	529						Night.jpg	0	1280	1024	0	0	230	529	199	0	Content		221	529	30298578	1062832416
30318	12:27:43.568	00:00:30.318	1521	231,2213	537,2208	0,6680793	0,5289351	658,2128	3,860004	0	224,8164	517,7429	0,4119978	0,5331924	656,285	3,708513	0	109	228	527						Night.jpg	0	1280	1024	0	0	230	529	199	0	Content		228	527	30318450	1062852288
30338	12:27:43.588	00:00:30.338	1522	223,8975	540,409	0,6685117	0,5283532	655,9714	3,867393	0	226,7169	512,1553	0,4123935	0,5323953	658,9387	3,729501	0	109	225	526						Night.jpg	0	1280	1024	0	0	230	529	199	0	Content		225	526	30338459	1062872297
30358	12:27:43.608	00:00:30.358	1523	209,0988	544,136	0,6689504	0,5276322	655,9714	3,772181	0	250,5412	515,9045	0,4127403	0,5317425	658,9387	3,777304	0	109	230	530						Night.jpg	0	1280	1024	0	0	230	529	199	0	Content		230	530	30358279	1062892117
30378	12:27:43.628	00:00:30.378	1524	210,9926	538,8951	0,6692128	0,5272889	655,9714	3,763762	0	259,4285	474,5003	0,4130002	0,5311615	658,9387	3,934824	0	109	235	507						Night.jpg	0	1280	1024	0	0	230	529	199	0	Content		235	507	30378288	1062912126
30398	12:27:43.648	00:00:30.398	1525	225,1873	413,2661	0,6692638	0,5257603	655,9714	3,884578	0	259,3112	447,3507	0,4135492	0,5297258	658,9387	3,871399	0	110	242	430						Night.jpg	0	1280	1024	0	0	190	175	139	0	Content		242	430	30398237	1062932075
30418	12:27:43.668	00:00:30.418	1526	198,6179	185,4548	0,6692039	0,5236273	655,9714	3,859672	0	218,1073	184,2905	0,4143294	0,5275877	658,9387	3,739709	0	110	208	185						Night.jpg	0	1280	1024	0	0	190	175	139	0	Content		208	185	30418025	1062951863
30438	12:27:43.688	00:00:30.438	1527	198,7146	129,0795	0,6697943	0,5238487	653,2783	3,819557	0	224,738	145,1681	0,4146197	0,5279769	653,3372	3,768275	0	110	212	137						Night.jpg	0	1280	1024	0	0	190	175	139	0	Content		212	137	30438020	1062971858
30458	12:27:43.708	00:00:30.457	1528	177,2745	179,711	0,6699452	0,5246389	653,2783	3,889788	0	183,9458	178,7105	0,4144813	0,528635	653,3372	3,847118	0	110	181	179						Night.jpg	0	1280	1024	0	0	190	175	139	0	Content		181	179	30457925	1062991763
30478	12:27:43.728	00:00:30.477	1529	157,7046	160,9091	0,6701399	0,5256876	653,2783	3,813785	0	203,024	166,13	0,4144476	0,529505	653,3372	3,792428	0	110	180	164						Night.jpg	0	1280	1024	0	0	190	175	139	0	Content		180	164	30477888	1063011726
30498	12:27:43.748	00:00:30.497	1530	184,8071	175,545	0,6704126	0,5266312	653,2783	3,905456	0	195,1427	191,2894	0,4145004	0,53034	653,3372	3,734635	0	110	190	183						Night.jpg	0	1280	1024	0	0	190	175	139	0	Content		190	183	30497846	1063031684
30518	12:27:43.768	00:00:30.517	1531	179,5064	171,3737	0,6705776	0,5273243	653,2783	3,934586	0	200,0118	154,6607	0,4146572	0,5307897	653,3372	3,753464	0	110	190	163						Night.jpg	0	1280	1024	0	0	190	175	139	0	Content		190	163	30517757	1063051595
30538	12:27:43.788	00:00:30.537	1532	181,5633	179,6801	0,6709025	0,5273222	648,0259	3,892769	0	199,0292	164,7578	0,4148747	0,5305421	651,4583	3,761815	0	111	190	172						Night.jpg	0	1280	1024	0	0	101	163	160	0	Content		190	172	30537651	1063071489
30558	12:27:43.808	00:00:30.557	1533	105,773	173,2594	0,6719	0,5264705	648,0259	3,917573	0	96,1081	132,0992	0,4161542	0,5296282	651,4583	3,848608	0	111	101	153						Night.jpg	0	1280	1024	0	0	101	163	160	0	Content		101	153	30557726	1063091564
30578	12:27:43.828	00:00:30.577	1534	102,3185	187,711	0,672456	0,5255331	648,0259	3,905342	0	106,3543	129,1838	0,4164621	0,5284344	651,4583	4,054271	0	111	104	158						Night.jpg	0	1280	1024	0	0	101	163	160	0	Content		104	158	30577510	1063111348
30598	12:27:43.848	00:00:30.597	1535	82,58782	187,7746	0,672873	0,5245786	648,0259	3,904211	0	127,7651	138,1456	0,4169754	0,5274626	651,4583	3,94849	0	111	105	163						Night.jpg	0	1280	1024	0	0	101	163	160	0	Content		105	163	30597587	1063131425
30617	12:27:43.867	00:00:30.617	1536	96,84856	181,7903	0,6734501	0,5243993	648,0259	3,865689	0	101,6796	138,6831	0,4173687	0,5269432	651,4583	3,882321	0	111	99	160						Night.jpg	0	1280	1024	0	0	101	163	160	0	Content		99	160	30617371	1063151209
30637	12:27:43.887	00:00:30.637	1537	87,44885	177,8436	0,6739008	0,5245993	648,7383	3,859059	0	114,7736	150,0436	0,4177415	0,5272077	648,0069	3,941247	0	111	101	164						Night.jpg	0	1280	1024	0	0	101	163	160	0	Content		101	164	30637368	1063171206
30657	12:27:43.907	00:00:30.657	1538	80,37039	189,6339	0,6742394	0,5255182	648,7383	3,866093	0	117,6314	173,0441	0,4181287	0,5277677	648,0069	3,832762	0	111	99	181						Night.jpg	0	1280	1024	0	0	101	163	160	0	Content		99	181	30657258	1063191096
30677	12:27:43.927	00:00:30.677	1539	111,2407	173,7969	0,6747472	0,5267153	648,7383	3,899263	0	111,6769	187,0214	0,4184736	0,5286394	648,0069	3,858807	0	111	111	180						Night.jpg	0	1280	1024	0	0	101	163	160	0	Content		111	180	30677242	1063211080
30697	12:27:43.947	00:00:30.697	1540	92,61206	174,4247	0,6748152	0,5274251	648,7383	3,843152	0	102,4064	140,4767	0,4187938	0,5293191	648,0069	3,824276	0	112	98	157						Night.jpg	0	1280	1024	0	0	104	57	359	0	Content		98	157	30697169	1063231007
30717	12:27:43.967	00:00:30.716	1541	98,88524	54,43338	0,6746174	0,5274917	648,7383	3,833213	0	128,7694	42,51987	0,4191366	0,5292858	648,0069	3,696293	0	112	114	48						Night.jpg	0	1280	1024	0	0	104	57	359	0	Content		114	48	30716978	1063250816
30737	12:27:43.987	00:00:30.736	1542	106,0855	51,71805	0,674773	0,527488	643,402	3,792906	0	124,9802	31,27491	0,419083	0,529256	646,6106	3,681633	0	112	116	41						Night.jpg	0	1280	1024	0	0	104	57	359	0	Content		116	41	30736981	1063270819
30757	12:27:44.007	00:00:30.756	1543	107,734	60,28987	0,6746458	0,5268636	643,402	3,805575	0	115,6169	59,70201	0,4187219	0,528594	646,6106	3,826631	0	112	112	60						Night.jpg	0	1280	1024	0	0	104	57	359	0	Content		112	60	30756941	1063290779
30777	12:27:44.027	00:00:30.776	1544	101,9805	56,29909	0,6743464	0,5259898	643,402	3,788803	0	122,4082	42,75504	0,4184205	0,5280409	646,6106	3,809253	0	112	112	50						Night.jpg	0	1280	1024	0	0	104	57	359	0	Content		112	50	30776854	1063310692
30797	12:27:44.047	00:00:30.796	1545	91,63744	73,36436	0,6741315	0,5253229	643,402	3,936534	0	105,4893	52,81332	0,4179983	0,5273046	646,6106	3,813925	0	112	99	63						Night.jpg	0	1280	1024	0	0	104	57	359	0	Content		99	63	30796801	1063330639
30817	12:27:44.067	00:00:30.816	1546	89,48044	68,33495	0,6741183	0,5246815	643,402	3,854311	0	118,4036	53,49167	0,4178455	0,5269769	646,6106	3,910203	0	112	104	61						Night.jpg	0	1280	1024	0	0	104	57	359	0	Content		104	61	30816716	1063350554
30837	12:27:44.087	00:00:30.836	1547	88,70157	69,66753	0,674208	0,5247784	644,0694	3,890811	0	113,8907	42,55243	0,4179438	0,5269331	649,6584	3,927439	0	112	101	56						Night.jpg	0	1280	1024	0	0	104	57	359	0	Content		101	56	30836596	1063370434
30857	12:27:44.107	00:00:30.856	1548	113,9493	70,37297	0,6747101	0,5253084	644,0694	3,745027	0	111,4728	29,68677	0,4184394	0,5272825	649,6584	3,931942	0	112	113	50						Night.jpg	0	1280	1024	0	0	104	57	359	0	Content		113	50	30856662	1063390500
30876	12:27:44.126	00:00:30.876	1549	103,0652	49,78719	0,6752642	0,5257317	644,0694	3,87348	0	136,8993	22,45184	0,4190364	0,5275071	649,6584	3,884294	0	112	120	36						Night.jpg	0	1280	1024	0	0	104	57	359	0	Content		120	36	30876451	1063410289
30897	12:27:44.147	00:00:30.896	1550	89,535	80,90313	0,6759595	0,5264923	644,0694	3,785387	0	123,71	25,52143	0,4197868	0,528179	649,6584	4,001755	0	112	107	53						Night.jpg	0	1280	1024	0	0	104	57	359	0	Content		107	53	30896515	1063430353
30916	12:27:44.166	00:00:30.916	1551	67,21262	64,18267	0,6764277	0,5272605	644,0694	3,813846	0	71,50927	48,98866	0,4201486	0,5284907	649,6584	3,923234	0	112	69	57						Night.jpg	0	1280	1024	0	0	104	57	359	0	Content		69	57	30916347	1063450185
30936	12:27:44.186	00:00:30.936	1552	56,26465	60,71581	0,6766549	0,5276437	644,2159	3,862632	0	79,92252	54,49357	0,4203522	0,5290756	647,5903	3,915973	0	112	68	58						Night.jpg	0	1280	1024	0	0	104	57	359	0	Content		68	58	30936327	1063470165
30956	12:27:44.206	00:00:30.956	1553	68,97977	48,37595	0,6765265	0,5278909	644,2159	3,788976	0	96,9323	51,48291	0,420114	0,5291629	647,5903	3,817262	0	112	83	50						Night.jpg	0	1280	1024	0	0	104	57	359	0	Content		83	50	30956233	1063490071
30976	12:27:44.226	00:00:30.976	1554	76,59853	90,0418	0,6763234	0,5276812	644,2159	3,805688	0	112,6666	38,46199	0,4199106	0,5291274	647,5903	3,886595	0	112	95	64						Night.jpg	0	1280	1024	0	0	104	57	359	0	Content		95	64	30976221	1063510059
30996	12:27:44.246	00:00:30.996	1555	97,42693	64,61385	0,6760389	0,527333	644,2159	3,720016	0	109,6244	52,01128	0,4196118	0,5284373	647,5903	3,895048	0	112	104	58						Night.jpg	0	1280	1024	0	0	104	57	359	0	Content		104	58	30996127	1063529965
31016	12:27:44.266	00:00:31.016	1556	102,2788	77,52596	0,6757839	0,5264444	644,2159	3,655646	0	94,29446	39,41706	0,4193104	0,5275747	647,5903	3,721409	0	112	98	58						Night.jpg	0	1280	1024	0	0	104	57	359	0	Content		98	58	31016113	1063549951
31036	12:27:44.286	00:00:31.035	1557	111,933	65,60473	0,6757321	0,5255281	643,8467	3,629464	0	98,51655	42,46489	0,4192322	0,5268942	648,5906	3,755795	0	112	105	54						Night.jpg	0	1280	1024	0	0	104	57	359	0	Content		105	54	31035933	1063569771
31056	12:27:44.306	00:00:31.056	1558	116,2749	80,63952	0,6754718	0,5251999	643,8467	3,761942	0	133,0455	61,01479	0,4190992	0,52644	648,5906	3,796299	0	113	125	71						Night.jpg	0	1280	1024	0	0	195	160	299	0	Content		125	71	31056013	1063589851
31076	12:27:44.326	00:00:31.075	1559	216,6275	182,1436	0,6748275	0,5254195	643,8467	3,774558	0	215,7985	140,1126	0,4185796	0,5267159	648,5906	3,831542	0	113	216	161						Night.jpg	0	1280	1024	0	0	195	160	299	0	Content		216	161	31075805	1063609643
31096	12:27:44.346	00:00:31.095	1560	193,0572	182,5887	0,674925	0,5259102	643,8467	3,765417	0	192,5246	121,1455	0,4185399	0,5273341	648,5906	3,822628	0	113	193	152						Night.jpg	0	1280	1024	0	0	195	160	299	0	Content		193	152	31095805	1063629643
31116	12:27:44.366	00:00:31.115	1561	191,2173	206,688	0,6750782	0,5266145	643,8467	3,812984	0	199,7521	137,053	0,418624	0,5281262	648,5906	3,69707	0	113	195	172						Night.jpg	0	1280	1024	0	0	195	160	299	0	Content		195	172	31115658	1063649496
31136	12:27:44.386	00:00:31.135	1562	183,4542	191,9128	0,6754434	0,5274729	652,6254	3,871557	0	185,6166	118,797	0,4188706	0,5288486	652,5526	3,726043	0	113	185	155						Night.jpg	0	1280	1024	0	0	195	160	299	0	Content		185	155	31135655	1063669493
31156	12:27:44.406	00:00:31.155	1563	179,2359	164,6771	0,6756058	0,5282428	652,6254	3,798775	0	219,0036	154,7141	0,4191077	0,5293512	652,5526	3,828281	0	113	199	160						Night.jpg	0	1280	1024	0	0	195	160	299	0	Content		199	160	31155550	1063689388
31176	12:27:44.426	00:00:31.175	1564	176,7367	170,1537	0,6757079	0,5283393	652,6254	3,938533	0	230,3452	130,9679	0,4191699	0,5294601	652,5526	3,909995	0	113	204	151						Night.jpg	0	1280	1024	0	0	195	160	299	0	Content		204	151	31175540	1063709378
31195	12:27:44.445	00:00:31.195	1565	170,5411	165,7544	0,6757941	0,5282353	652,6254	4,026886	0	209,7979	143,9791	0,4191946	0,5293363	652,5526	3,842706	0	113	190	155						Night.jpg	0	1280	1024	0	0	195	160	299	0	Content		190	155	31195451	1063729289
31215	12:27:44.465	00:00:31.215	1566	180,5278	201,3765	0,6757962	0,5275944	652,6254	3,974552	0	218,547	133,5175	0,419148	0,5290123	652,5526	3,859865	0	113	200	167						Night.jpg	0	1280	1024	0	0	195	160	299	0	Content		200	167	31215399	1063749237
31235	12:27:44.485	00:00:31.235	1567	182,5724	216,7471	0,6757134	0,5270701	648,6527	3,992399	0	217,4153	149,3678	0,41908	0,5282799	649,1961	3,867224	0	113	200	183						Night.jpg	0	1280	1024	0	0	195	160	299	0	Content		200	183	31235313	1063769151
31255	12:27:44.505	00:00:31.255	1568	173,0222	195,4821	0,675634	0,5263798	648,6527	3,95568	0	211,7044	143,521	0,4190157	0,527483	649,1961	3,886567	0	113	192	170						Night.jpg	0	1280	1024	0	0	195	160	299	0	Content		192	170	31255272	1063789110
31275	12:27:44.525	00:00:31.275	1569	192,0249	184,4747	0,6756415	0,5259183	648,6527	4,076493	0	210,2362	134,8416	0,41903	0,5271676	649,1961	3,809436	0	113	201	160						Night.jpg	0	1280	1024	0	0	195	160	299	0	Content		201	160	31275116	1063808954
31295	12:27:44.545	00:00:31.295	1570	182,0007	174,7321	0,6757388	0,5258803	648,6527	4,125024	0	208,5409	133,4672	0,4191357	0,5271475	649,1961	3,920656	0	113	195	154						Night.jpg	0	1280	1024	0	0	195	160	299	0	Content		195	154	31295138	1063828976
31315	12:27:44.565	00:00:31.315	1571	195,7028	188,5951	0,6760291	0,5262867	648,6527	3,991317	0	196,8781	147,8906	0,4192436	0,5273427	649,1961	3,938833	0	113	196	168						Night.jpg	0	1280	1024	0	0	195	160	299	0	Content		196	168	31315004	1063848842
31335	12:27:44.585	00:00:31.335	1572	192,1977	179,7035	0,6757139	0,5273808	651,2	4,082247	0	192,7635	135,0963	0,4193584	0,5282176	652,1207	3,949535	0	113	192	157						Night.jpg	0	1280	1024	0	0	195	160	299	0	Content		192	157	31335050	1063868888
31355	12:27:44.605	00:00:31.354	1573	217,8664	267,059	0,6758345	0,5282447	651,2	4,034276	0	256,3982	242,7408	0,4196514	0,5289463	652,1207	4,013981	0	114	237	255						Night.jpg	0	1280	1024	0	0	275	263	438	0	Content		237	255	31354880	1063888718
31375	12:27:44.625	00:00:31.374	1574	236,6945	284,8507	0,6761196	0,5285149	651,2	4,082126	0	278,97	224,0404	0,4197904	0,5292671	652,1207	4,008415	0	114	258	254						Night.jpg	0	1280	1024	0	0	275	263	438	0	Content		258	254	31374789	1063908627
31395	12:27:44.645	00:00:31.394	1575	235,7673	290,0345	0,6762229	0,5286564	651,2	4,144704	0	270,6458	252,1738	0,4198413	0,5293321	652,1207	3,968146	0	114	253	271						Night.jpg	0	1280	1024	0	0	275	263	438	0	Content		253	271	31394761	1063928599
31415	12:27:44.665	00:00:31.414	1576	237,7572	269,6972	0,6762569	0,5285259	651,2	4,130547	0	290,6854	226,7987	0,4198146	0,5291653	652,1207	4,184634	0	114	264	248						Night.jpg	0	1280	1024	0	0	275	263	438	0	Content		264	248	31414627	1063948465
31435	12:27:44.685	00:00:31.434	1577	233,3331	270,9692	0,6762817	0,5282705	654,5573	4,136884	0	290,6304	229,1258	0,4197705	0,5285574	654,9175	4,203343	0	114	262	250						Night.jpg	0	1280	1024	0	0	275	263	438	0	Content		262	250	31434604	1063968442
31455	12:27:44.705	00:00:31.454	1578	227,2355	253,6972	0,6763101	0,5274118	654,5573	4,168135	0	262,2301	230,2862	0,4197942	0,5280879	654,9175	4,073821	0	114	245	242						Night.jpg	0	1280	1024	0	0	275	263	438	0	Content		245	242	31454537	1063988375
31475	12:27:44.725	00:00:31.474	1579	239,6953	274,7126	0,6762826	0,5266997	654,5573	4,233362	0	270,5606	238,2171	0,4197795	0,5274783	654,9175	4,069675	0	114	255	256						Night.jpg	0	1280	1024	0	0	275	263	438	0	Content		255	256	31474523	1064008361
31494	12:27:44.744	00:00:31.494	1580	230,6357	266,1283	0,6762842	0,5264272	654,5573	4,143185	0	275,362	219,5494	0,4196828	0,5272744	654,9175	4,131043	0	114	253	243						Night.jpg	0	1280	1024	0	0	275	263	438	0	Content		253	243	31494372	1064028210
31514	12:27:44.764	00:00:31.514	1581	219,9391	257,4231	0,6760677	0,5265049	654,5573	4,181931	0	266,5835	236,332	0,419404	0,527375	654,9175	4,213484	0	114	243	247						Night.jpg	0	1280	1024	0	0	275	263	438	0	Content		243	247	31514387	1064048225
31534	12:27:44.784	00:00:31.534	1582	223,358	268,5489	0,6754282	0,5273368	653,4615	4,18637	0	267,6565	233,2098	0,4190468	0,5280402	653,5985	4,230147	0	114	246	251						Night.jpg	0	1280	1024	0	0	275	263	438	0	Content		246	251	31534221	1064068059
31554	12:27:44.804	00:00:31.554	1583	268,2631	306,7646	0,6751984	0,5279676	653,4615	4,11165	0	280,7949	267,8055	0,418772	0,5285154	653,5985	4,071373	0	114	275	287						Night.jpg	0	1280	1024	0	0	275	263	438	0	Content		275	287	31554280	1064088118
31574	12:27:44.824	00:00:31.574	1584	265,0844	305,2161	0,6751208	0,5284792	653,4615	4,179157	0	299,908	218,2506	0,4186521	0,5292313	653,5985	4,162239	0	114	282	262						Night.jpg	0	1280	1024	0	0	275	263	438	0	Content		282	262	31574107	1064107945
31594	12:27:44.844	00:00:31.594	1585	261,8961	309,3737	0,6753995	0,5290932	653,4615	4,090069	0	303,0085	248,8909	0,4188973	0,5294462	653,5985	4,005548	0	114	282	279						Night.jpg	0	1280	1024	0	0	275	263	438	0	Content		282	279	31594091	1064127929
31614	12:27:44.864	00:00:31.613	1586	254,7744	288,7382	0,6756818	0,5292354	653,4615	4,109789	0	292,908	243,1456	0,4192169	0,529365	653,5985	4,072763	0	114	274	266						Night.jpg	0	1280	1024	0	0	275	263	438	0	Content		274	266	31613998	1064147836
31634	12:27:44.884	00:00:31.633	1587	249,4205	283,9711	0,6763057	0,5289651	654,8994	4,129874	0	301,8185	242,5087	0,4197828	0,5292631	652,2667	4,071112	0	114	276	263						Night.jpg	0	1280	1024	0	0	275	263	438	0	Content		276	263	31633971	1064167809
31654	12:27:44.904	00:00:31.653	1588	278,5396	302,814	0,6768516	0,5284498	654,8994	4,199603	0	296,3495	253,1067	0,4202749	0,5285785	652,2667	4,071997	0	114	287	278						Night.jpg	0	1280	1024	0	0	275	263	438	0	Content		287	278	31653859	1064187697
31674	12:27:44.924	00:00:31.673	1589	267,5053	290,1263	0,6771524	0,5282591	654,8994	4,089502	0	282,3774	248,4185	0,4206338	0,5282658	652,2667	4,031605	0	114	275	269						Night.jpg	0	1280	1024	0	0	275	263	438	0	Content		275	269	31673718	1064207556
31694	12:27:44.944	00:00:31.693	1590	269,7791	294,6902	0,6774921	0,5278712	654,8994	4,107687	0	302,7583	279,6383	0,4208513	0,5276911	652,2667	4,068479	0	114	286	287						Night.jpg	0	1280	1024	0	0	275	263	438	0	Content		286	287	31693760	1064227598
31714	12:27:44.964	00:00:31.713	1591	255,2897	275,2079	0,6775788	0,5276312	654,8994	4,211675	0	299,7857	260,5375	0,4209267	0,5274909	652,2667	4,096851	0	114	278	268						Night.jpg	0	1280	1024	0	0	275	263	438	0	Content		278	268	31713581	1064247419
31734	12:27:44.984	00:00:31.733	1592	250,8758	276,1876	0,6774764	0,527604	653,0813	4,151016	0	301,0874	258,212	0,4207826	0,5275564	655,5576	4,107864	0	114	276	267						Night.jpg	0	1280	1024	0	0	275	263	438	0	Content		276	267	31733564	1064267402
31754	12:27:45.004	00:00:31.753	1593	275,3383	319,0714	0,6772509	0,5276582	653,0813	4,112612	0	282,7139	238,7788	0,4206162	0,5277031	655,5576	4,081801	0	114	279	279						Night.jpg	0	1280	1024	0	0	275	263	438	0	Content		279	279	31753500	1064287338
31773	12:27:45.023	00:00:31.773	1594	288,3798	301,302	0,6770248	0,5281926	653,0813	4,245762	0	298,9694	264,6582	0,4204077	0,5282026	655,5576	4,042674	0	114	294	283						Night.jpg	0	1280	1024	0	0	275	263	438	0	Content		294	283	31773450	1064307288
31793	12:27:45.043	00:00:31.793	1595	319,4009	255,593	0,6763569	0,5278283	653,0813	4,158946	0	325,2131	187,0557	0,41996	0,5281431	655,5576	4,078621	0	115	322	221						Night.jpg	0	1280	1024	0	0	363	100	219	0	Content		322	221	31793354	1064327192
31813	12:27:45.063	00:00:31.813	1596	351,969	87,37527	0,6756118	0,5272834	653,0813	4,140455	0	384,6309	84,43357	0,419691	0,5274947	655,5576	4,073441	0	115	368	86						Night.jpg	0	1280	1024	0	0	363	100	219	0	Content		368	86	31813320	1064347158
31833	12:27:45.083	00:00:31.833	1597	370,3077	50,48351	0,6757141	0,5274642	651,9883	4,180878	0	410,4288	71,62148	0,4196911	0,5279074	653,5589	4,050204	0	115	390	61						Night.jpg	0	1280	1024	0	0	363	100	219	0	Content		390	61	31833192	1064367030
31853	12:27:45.103	00:00:31.853	1598	356,6628	105,1473	0,676067	0,5275742	651,9883	4,170264	0	380,1503	92,37074	0,4198431	0,5280963	653,5589	4,10391	0	115	368	99						Night.jpg	0	1280	1024	0	0	363	100	219	0	Content		368	99	31853216	1064387054
31873	12:27:45.123	00:00:31.873	1599	344,8491	113,6775	0,6763835	0,5274142	651,9883	4,044619	0	382,3062	114,4009	0,4200513	0,5277514	653,5589	4,041412	0	115	364	114						Night.jpg	0	1280	1024	0	0	363	100	219	0	Content		364	114	31873056	1064406894
31893	12:27:45.143	00:00:31.893	1600	344,1493	107,0405	0,6768759	0,5271475	651,9883	4,071349	0	395,7255	111,8022	0,4204971	0,5274294	653,5589	4,055323	0	115	370	109						Night.jpg	0	1280	1024	0	0	363	100	219	0	Content		370	109	31893056	1064426894
31913	12:27:45.163	00:00:31.912	1601	339,5725	112,575	0,6770966	0,5265283	651,9883	4,146793	0	370,6154	75,37539	0,4206505	0,5271792	653,5589	3,955489	0	115	355	94						Night.jpg	0	1280	1024	0	0	363	100	219	0	Content		355	94	31912955	1064446793
31933	12:27:45.183	00:00:31.932	1602	341,2157	118,4257	0,6772115	0,5263853	649,1677	4,071615	0	375,9186	84,69882	0,4207074	0,5266836	653,6014	3,931732	0	115	359	102						Night.jpg	0	1280	1024	0	0	363	100	219	0	Content		359	102	31932935	1064466773
31953	12:27:45.203	00:00:31.952	1603	345,2748	102,9547	0,6770962	0,5263474	649,1677	4,0216	0	378,6963	118,4833	0,4206406	0,5264925	653,6014	4,020699	0	115	362	111						Night.jpg	0	1280	1024	0	0	363	100	219	0	Content		362	111	31952820	1064486658
31973	12:27:45.223	00:00:31.972	1604	357,1952	105,0984	0,6769817	0,5264693	649,1677	4,080336	0	378,7273	88,54131	0,4204309	0,5269352	653,6014	3,958025	0	115	368	97						Night.jpg	0	1280	1024	0	0	363	100	219	0	Content		368	97	31972794	1064506632
31993	12:27:45.243	00:00:31.992	1605	345,8078	97,16383	0,6768547	0,5271875	649,1677	4,066251	0	364,3115	95,38776	0,4202515	0,5274577	653,6014	3,917537	0	115	355	96						Night.jpg	0	1280	1024	0	0	363	100	219	0	Content		355	96	31992668	1064526506
32013	12:27:45.263	00:00:32.012	1606	132,7906	129,2024	0,6779416	0,5282848	649,1677	4,028587	0	164,2331	127,4513	0,422039	0,5284247	653,6014	4,066327	0	116	149	128						Night.jpg	0	1280	1024	0	0	91	162	359	0	Content		149	128	32012565	1064546403
32033	12:27:45.283	00:00:32.032	1607	122,4104	139,3824	0,6785575	0,5291087	646,0088	4,035961	0	150,1857	132,2756	0,4227714	0,529292	647,7209	3,993661	0	116	136	136						Night.jpg	0	1280	1024	0	0	91	162	359	0	Content		136	136	32032516	1064566354
32052	12:27:45.302	00:00:32.052	1608	77,83092	173,867	0,6786422	0,5291994	646,0088	4,062958	0	105,002	149,2577	0,4226844	0,5293394	647,7209	3,929628	0	116	91	162						Night.jpg	0	1280	1024	0	0	91	162	359	0	Content		91	162	32052437	1064586275
32072	12:27:45.322	00:00:32.072	1609	82,42621	198,6015	0,6788707	0,5290598	646,0088	4,032756	0	89,86105	135,1916	0,4227371	0,529268	647,7209	3,919583	0	116	86	167						Night.jpg	0	1280	1024	0	0	91	162	359	0	Content		86	167	32072393	1064606231
32092	12:27:45.342	00:00:32.092	1610	84,75308	201,4072	0,6790137	0,5284196	646,0088	4,04322	0	111,2835	151,2505	0,4227335	0,52873	647,7209	3,948284	0	116	98	176						Night.jpg	0	1280	1024	0	0	91	162	359	0	Content		98	176	32092298	1064626136
32112	12:27:45.362	00:00:32.112	1611	92,58689	185,1567	0,679097	0,5281098	646,0088	4,108144	0	88,34812	134,0148	0,4227635	0,5283283	647,7209	3,843117	0	116	90	160						Night.jpg	0	1280	1024	0	0	91	162	359	0	Content		90	160	32112302	1064646140
32132	12:27:45.382	00:00:32.132	1612	89,35635	189,0055	0,6790508	0,5275444	649,6096	4,121485	0	93,16116	134,6542	0,4227114	0,5280913	648,9992	3,845374	0	116	91	162						Night.jpg	0	1280	1024	0	0	91	162	359	0	Content		91	162	32132125	1064665963
32152	12:27:45.402	00:00:32.152	1613	99,22684	195,1989	0,6789394	0,5274527	649,6096	4,055712	0	103,4925	154,1768	0,4226191	0,5278965	648,9992	3,952656	0	116	101	175						Night.jpg	0	1280	1024	0	0	91	162	359	0	Content		101	175	32152197	1064686035
32172	12:27:45.422	00:00:32.172	1614	83,97943	172,0797	0,678728	0,5275401	649,6096	4,005675	0	104,8364	172,4673	0,4224331	0,5279503	648,9992	3,867887	0	116	94	172						Night.jpg	0	1280	1024	0	0	91	162	359	0	Content		94	172	32172002	1064705840
32192	12:27:45.442	00:00:32.192	1615	64,19722	197,3423	0,6785612	0,5275946	649,6096	4,028588	0	87,45609	130,4557	0,4221326	0,5282588	648,9992	3,853758	0	116	76	164						Night.jpg	0	1280	1024	0	0	91	162	359	0	Content		76	164	32192042	1064725880
32212	12:27:45.462	00:00:32.212	1616	93,8166	170,6452	0,6784617	0,5278563	649,6096	4,107865	0	100,5687	143,3364	0,4220467	0,5284064	648,9992	4,014208	0	116	97	157						Night.jpg	0	1280	1024	0	0	91	162	359	0	Content		97	157	32212013	1064745851
32232	12:27:45.482	00:00:32.231	1617	87,31372	182,9394	0,6782101	0,5282692	647,9438	4,082786	0	95,00205	135,1842	0,4217952	0,5290154	651,0663	3,985642	0	116	91	159						Night.jpg	0	1280	1024	0	0	91	162	359	0	Content		91	159	32231875	1064765713
32252	12:27:45.502	00:00:32.251	1618	67,36911	202,9181	0,677845	0,5284632	647,9438	4,038665	0	80,58359	146,0486	0,4214378	0,5293329	651,0663	3,975075	0	116	74	174						Night.jpg	0	1280	1024	0	0	91	162	359	0	Content		74	174	32251918	1064785756
32272	12:27:45.522	00:00:32.271	1619	98,11739	176,9089	0,6777107	0,529069	647,9438	4,073137	0	81,91405	128,1721	0,4212813	0,5298258	651,0663	3,967634	0	116	90	153						Night.jpg	0	1280	1024	0	0	91	162	359	0	Content		90	153	32271751	1064805589
32292	12:27:45.542	00:00:32.291	1620	77,09724	171,9811	0,677494	0,5292005	647,9438	4,006093	0	96,54929	141,752	0,421093	0,5300723	651,0663	3,86932	0	116	87	157						Night.jpg	0	1280	1024	0	0	91	162	359	0	Content		87	157	32291622	1064825460
32312	12:27:45.562	00:00:32.311	1621	85,84968	201,3215	0,6773322	0,5291058	647,9438	4,167134	0	94,48415	148,6804	0,4208984	0,5300506	651,0663	3,952103	0	116	90	175						Night.jpg	0	1280	1024	0	0	91	162	359	0	Content		90	175	32311605	1064845443
32331	12:27:45.581	00:00:32.331	1622	95,71445	187,2054	0,6773748	0,5288008	647,8104	4,177483	0	88,34029	135,698	0,4209097	0,5295981	653,3337	3,935081	0	116	92	161						Night.jpg	0	1280	1024	0	0	91	162	359	0	Content		92	161	32331485	1064865323
32351	12:27:45.601	00:00:32.351	1623	98,86508	208,4055	0,6775755	0,5283266	647,8104	4,146271	0	80,92129	102,9584	0,4211125	0,5291674	653,3337	4,009075	0	116	90	156						Night.jpg	0	1280	1024	0	0	91	162	359	0	Content		90	156	32351462	1064885300
32371	12:27:45.621	00:00:32.371	1624	122,1068	232,1975	0,6773409	0,5278839	647,8104	4,15968	0	110,9976	147,9389	0,4209222	0,5286287	653,3337	3,998759	0	117	117	190						Night.jpg	0	1280	1024	0	0	146	201	199	0	Content		117	190	32371369	1064905207
32391	12:27:45.641	00:00:32.391	1625	145,6259	246,7711	0,6773812	0,5275529	647,8104	4,132336	0	142,9518	205,7803	0,4209176	0,5283768	653,3337	3,941533	0	117	144	226						Night.jpg	0	1280	1024	0	0	146	201	199	0	Content		144	226	32391359	1064925197
32411	12:27:45.661	00:00:32.411	1626	154,6481	232,8621	0,6776078	0,527546	647,8104	4,146646	0	137,9994	168,5398	0,4210721	0,5283138	653,3337	3,971394	0	117	146	201						Night.jpg	0	1280	1024	0	0	146	201	199	0	Content		146	201	32411242	1064945080
32431	12:27:45.681	00:00:32.431	1627	157,2163	229,1207	0,6776809	0,5280437	650,9217	4,165775	0	128,8697	190,3206	0,4210764	0,5284811	653,899	3,95209	0	117	143	210						Night.jpg	0	1280	1024	0	0	146	201	199	0	Content		143	210	32431209	1064965047
32451	12:27:45.701	00:00:32.451	1628	139,8986	225,6026	0,6776782	0,5283864	650,9217	4,069897	0	154,1067	164,2628	0,4210485	0,5290455	653,899	4,065974	0	117	147	195						Night.jpg	0	1280	1024	0	0	146	201	199	0	Content		147	195	32451136	1064984974
32471	12:27:45.721	00:00:32.471	1629	145,3092	216,3596	0,67768	0,5289965	650,9217	4,215268	0	139,0843	165,6304	0,4209672	0,5293705	653,899	4,145368	0	117	142	191						Night.jpg	0	1280	1024	0	0	146	201	199	0	Content		142	191	32471091	1065004929
32491	12:27:45.741	00:00:32.490	1630	134,7328	202,1528	0,6776885	0,529236	650,9217	4,157038	0	139,9079	189,8916	0,4208851	0,5295585	653,899	4,075397	0	117	137	196						Night.jpg	0	1280	1024	0	0	146	201	199	0	Content		137	196	32490975	1065024813
32511	12:27:45.761	00:00:32.510	1631	150,6608	220,38	0,677681	0,5292199	650,9217	4,247132	0	154,714	180,2584	0,420829	0,5295014	653,899	4,018661	0	117	153	200						Night.jpg	0	1280	1024	0	0	146	201	199	0	Content		153	200	32510999	1065044837
32531	12:27:45.781	00:00:32.530	1632	148,2617	218,823	0,6776816	0,5289928	650,2084	4,233858	0	148,4555	197,4145	0,4208103	0,5293827	650,575	4,0171	0	117	148	208						Night.jpg	0	1280	1024	0	0	146	201	199	0	Content		148	208	32530820	1065064658
32551	12:27:45.801	00:00:32.550	1633	142,8218	211,8113	0,6776828	0,5284625	650,2084	4,160473	0	160,2976	218,3752	0,4207572	0,5291826	650,575	4,033874	0	117	152	215						Night.jpg	0	1280	1024	0	0	146	201	199	0	Content		152	215	32550869	1065084707
32571	12:27:45.821	00:00:32.570	1634	197,0144	283,7144	0,677123	0,5284461	650,2084	4,265068	0	198,6836	226,4332	0,4205561	0,5291073	650,575	3,988781	0	118	198	255						Night.jpg	0	1280	1024	0	0	248	261	199	0	Content		198	255	32570682	1065104520
32591	12:27:45.841	00:00:32.590	1635	244,9877	272,0055	0,6768104	0,528398	650,2084	4,279288	0	265,387	235,6426	0,4201406	0,5290342	650,575	4,109112	0	118	255	254						Night.jpg	0	1280	1024	0	0	248	261	199	0	Content		255	254	32590681	1065124519
32611	12:27:45.861	00:00:32.610	1636	232,2376	278,7361	0,6770446	0,5283562	650,2084	4,282472	0	266,789	254,3972	0,420247	0,5288425	650,575	4,124637	0	118	250	267						Night.jpg	0	1280	1024	0	0	248	261	199	0	Content		250	267	32610652	1065144490
32630	12:27:45.880	00:00:32.630	1637	218,5704	269,6769	0,6771908	0,5283408	651,1439	4,291609	0	271,1481	251,8164	0,4204025	0,5288665	653,7724	4,159813	0	118	245	261						Night.jpg	0	1280	1024	0	0	248	261	199	0	Content		245	261	32630443	1065164281
32650	12:27:45.900	00:00:32.650	1638	238,4821	263,4586	0,6773939	0,5282818	651,1439	4,290546	0	257,9064	259,4283	0,4205375	0,5286866	653,7724	4,177101	0	118	248	261						Night.jpg	0	1280	1024	0	0	248	261	199	0	Content		248	261	32650480	1065184318
32670	12:27:45.920	00:00:32.670	1639	239,9869	253,9836	0,6776422	0,5282785	651,1439	4,304198	0	258,697	256,3454	0,4206208	0,5285934	653,7724	4,144524	0	118	249	255						Night.jpg	0	1280	1024	0	0	248	261	199	0	Content		249	255	32670321	1065204159
32690	12:27:45.940	00:00:32.690	1640	233,9963	247,7862	0,6776955	0,5282607	651,1439	4,275409	0	258,3461	256,5952	0,4206443	0,5285518	653,7724	4,139289	0	118	246	252						Night.jpg	0	1280	1024	0	0	248	261	199	0	Content		246	252	32690404	1065224242
32710	12:27:45.960	00:00:32.710	1641	230,0659	274,4045	0,6776318	0,5282887	651,1439	4,243069	0	245,3928	264,9846	0,4205823	0,5286039	653,7724	4,263759	0	118	238	270						Night.jpg	0	1280	1024	0	0	248	261	199	0	Content		238	270	32710238	1065244076
32730	12:27:45.980	00:00:32.730	1642	228,2105	271,3222	0,6773989	0,5283654	650,2047	4,232837	0	244,3358	263,6909	0,4204306	0,5288899	653,8694	4,253993	0	118	236	268						Night.jpg	0	1280	1024	0	0	248	261	199	0	Content		236	268	32730183	1065264021
32750	12:27:46.000	00:00:32.750	1643	239,2037	285,7191	0,6770869	0,5283467	650,2047	4,33172	0	267,7411	219,7304	0,4200976	0,5288967	653,8694	4,335776	0	118	253	253						Night.jpg	0	1280	1024	0	0	248	261	199	0	Content		253	253	32750144	1065283982
32770	12:27:46.020	00:00:32.770	1644	271,0728	298,9439	0,6765093	0,5283344	650,2047	4,331585	0	299,332	241,2839	0,4197066	0,5289907	653,8694	4,255395	0	119	285	270						Night.jpg	0	1280	1024	0	0	292	272	279	0	Content		285	270	32770051	1065303889
32790	12:27:46.040	00:00:32.789	1645	291,0909	302,2327	0,6762351	0,5282266	650,2047	4,422199	0	306,6106	253,1833	0,4192592	0,5286321	653,8694	4,210097	0	119	299	278						Night.jpg	0	1280	1024	0	0	292	272	279	0	Content		299	278	32789944	1065323782
32810	12:27:46.060	00:00:32.810	1646	284,0308	299,0848	0,6760796	0,5277037	650,2047	4,31642	0	299,728	230,2781	0,4191563	0,528367	653,8694	4,127092	0	119	292	265						Night.jpg	0	1280	1024	0	0	292	272	279	0	Content		292	265	32810014	1065343852
32830	12:27:46.080	00:00:32.829	1647	278,5293	296,9395	0,6760074	0,5274038	651,361	4,34518	0	302,3018	249,5819	0,4190861	0,5281538	651,6095	4,055641	0	119	290	273						Night.jpg	0	1280	1024	0	0	292	272	279	0	Content		290	273	32829792	1065363630
32850	12:27:46.100	00:00:32.849	1648	267,7333	293,0285	0,6759576	0,5272419	651,361	4,36728	0	315,957	252,4829	0,4190342	0,5278206	651,6095	4,126932	0	119	292	273						Night.jpg	0	1280	1024	0	0	292	272	279	0	Content		292	273	32849887	1065383725
32870	12:27:46.120	00:00:32.869	1649	276,675	298,238	0,6758597	0,5272652	651,361	4,459913	0	315,1732	276,4318	0,4189596	0,527726	651,6095	4,192707	0	119	296	287						Night.jpg	0	1280	1024	0	0	292	272	279	0	Content		296	287	32869654	1065403492
32890	12:27:46.140	00:00:32.889	1650	255,6882	266,7645	0,6756965	0,527339	651,361	4,34763	0	319,6795	295,7206	0,4188152	0,5279811	651,6095	4,24475	0	119	288	281						Night.jpg	0	1280	1024	0	0	292	272	279	0	Content		288	281	32889662	1065423500
32910	12:27:46.160	00:00:32.909	1651	284,6008	279,1576	0,6755977	0,5273559	651,361	4,401419	0	281,0262	239,5379	0,4185125	0,5282996	651,6095	4,172769	0	119	283	259						Night.jpg	0	1280	1024	0	0	292	272	279	0	Content		283	259	32909576	1065443414
32930	12:27:46.180	00:00:32.929	1652	280,4599	273,8811	0,6752425	0,5273901	650,7504	4,418507	0	279,6375	248,2966	0,4182701	0,5283943	654,4021	4,200786	0	119	280	261						Night.jpg	0	1280	1024	0	0	292	272	279	0	Content		280	261	32929550	1065463388
32949	12:27:46.199	00:00:32.949	1653	291,9615	275,7203	0,6748678	0,5273733	650,7504	4,498608	0	323,2791	281,8976	0,4178028	0,5284337	654,4021	4,317709	0	119	308	279						Night.jpg	0	1280	1024	0	0	292	272	279	0	Content		308	279	32949453	1065483291
32969	12:27:46.219	00:00:32.969	1654	288,3717	285,5474	0,6743293	0,5273579	650,7504	4,358313	0	293,8795	258,7576	0,4174103	0,5285496	654,4021	4,231685	0	119	291	272						Night.jpg	0	1280	1024	0	0	292	272	279	0	Content		291	272	32969268	1065503106
32989	12:27:46.239	00:00:32.989	1655	295,9339	304,0578	0,6741038	0,5272577	650,7504	4,354711	0	320,8612	269,5507	0,4170379	0,5284198	654,4021	4,258025	0	119	308	287						Night.jpg	0	1280	1024	0	0	292	272	279	0	Content		308	287	32989266	1065523104
33009	12:27:46.259	00:00:33.009	1656	304,2273	301,8188	0,6737951	0,5271093	650,7504	4,438345	0	301,449	237,4956	0,4168495	0,5283915	654,4021	4,287637	0	119	303	270						Night.jpg	0	1280	1024	0	0	292	272	279	0	Content		303	270	33009201	1065543039
33029	12:27:46.279	00:00:33.029	1657	304,8709	301,0503	0,6736701	0,5270575	650,061	4,357812	0	309,4997	233,3262	0,4167181	0,5283679	654,749	4,250879	0	119	307	267						Night.jpg	0	1280	1024	0	0	292	272	279	0	Content		307	267	33029152	1065562990
33049	12:27:46.299	00:00:33.049	1658	331,6208	294,8194	0,6734081	0,5267383	650,061	4,36377	0	316,044	248,8983	0,4164469	0,5282076	654,749	4,268294	0	120	324	272						Night.jpg	0	1280	1024	0	0	452	185	239	0	Content		324	272	33049064	1065582902
33069	12:27:46.319	00:00:33.069	1659	452,9504	180,8815	0,6723089	0,5263092	650,061	4,29321	0	453,995	178,1556	0,415782	0,5274026	654,749	4,297906	0	120	453	180						Night.jpg	0	1280	1024	0	0	452	185	239	0	Content		453	180	33069000	1065602838
33089	12:27:46.339	00:00:33.088	1660	448,0099	198,0468	0,6726777	0,5262839	650,061	4,288009	0	471,0323	155,4612	0,4161963	0,5274085	654,749	4,295357	0	120	460	177						Night.jpg	0	1280	1024	0	0	452	185	239	0	Content		460	177	33088875	1065622713
33109	12:27:46.359	00:00:33.108	1661	438,2365	208,7212	0,6729929	0,5263443	650,061	4,342405	0	451,4297	178,7611	0,4163449	0,5273972	654,749	4,216214	0	120	445	194						Night.jpg	0	1280	1024	0	0	452	185	239	0	Content		445	194	33108899	1065642737
33129	12:27:46.379	00:00:33.128	1662	428,0609	205,1763	0,6733944	0,5264049	654,9844	4,335523	0	455,7007	170,2173	0,4166993	0,527418	655,3714	4,229923	0	120	442	188						Night.jpg	0	1280	1024	0	0	452	185	239	0	Content		442	188	33128750	1065662588
33149	12:27:46.399	00:00:33.148	1663	430,2382	180,5191	0,6735393	0,5264382	654,9844	4,386173	0	474,489	198,3763	0,4169458	0,527353	655,3714	4,231707	0	120	452	189						Night.jpg	0	1280	1024	0	0	452	185	239	0	Content		452	189	33148784	1065682622
33169	12:27:46.419	00:00:33.168	1664	447,3378	165,835	0,6737342	0,5264599	654,9844	4,307924	0	459,6818	153,6684	0,4170025	0,5273756	655,3714	4,262812	0	120	454	160						Night.jpg	0	1280	1024	0	0	452	185	239	0	Content		454	160	33168611	1065702449
33189	12:27:46.439	00:00:33.188	1665	430,0889	155,2748	0,6738735	0,5264772	654,9844	4,272069	0	458,7305	175,1319	0,417008	0,5273696	655,3714	4,249333	0	120	444	165						Night.jpg	0	1280	1024	0	0	452	185	239	0	Content		444	165	33188610	1065722448
33209	12:27:46.459	00:00:33.208	1666	456,0737	182,0446	0,6739317	0,5264106	654,9844	4,334528	0	464,6985	178,0186	0,4170108	0,5273337	655,3714	4,179821	0	120	460	180						Night.jpg	0	1280	1024	0	0	452	185	239	0	Content		460	180	33208508	1065742346
33228	12:27:46.478	00:00:33.228	1667	453,5768	176,8934	0,6739895	0,5264372	653,2676	4,320478	0	467,1838	192,2878	0,4170174	0,5271605	651,224	4,162082	0	120	460	185						Night.jpg	0	1280	1024	0	0	452	185	239	0	Content		460	185	33228481	1065762319
33248	12:27:46.498	00:00:33.248	1668	450,9752	190,7587	0,6741449	0,5263753	653,2676	4,311564	0	458,8871	194,9297	0,4170931	0,5268978	651,224	4,23624	0	120	455	193						Night.jpg	0	1280	1024	0	0	452	185	239	0	Content		455	193	33248397	1065782235
33268	12:27:46.518	00:00:33.268	1669	412,3806	175,8322	0,6746134	0,5264112	653,2676	4,412107	0	439,165	193,5619	0,4176826	0,526931	651,224	4,141628	0	120	426	185						Night.jpg	0	1280	1024	0	0	452	185	239	0	Content		426	185	33268218	1065802056
33288	12:27:46.538	00:00:33.288	1670	153,5728	251,4917	0,6764677	0,5273633	653,2676	4,52108	0	185,0634	292,0846	0,4203732	0,5277281	651,224	4,327547	0	121	169	272						Night.jpg	0	1280	1024	0	0	104	311	399	0	Content		169	272	33288201	1065822039
33308	12:27:46.558	00:00:33.308	1671	132,2636	314,4302	0,6776424	0,5279464	653,2676	4,328884	0	127,9979	292,8639	0,4215298	0,5282981	651,224	4,300085	0	121	130	304						Night.jpg	0	1280	1024	0	0	104	311	399	0	Content		130	304	33308104	1065841942
33328	12:27:46.578	00:00:33.328	1672	107,3626	350,0821	0,6780635	0,5282639	647,7385	4,371808	0	69,94193	289,5762	0,4215996	0,5284418	652,6978	4,313987	0	121	89	320						Night.jpg	0	1280	1024	0	0	104	311	399	0	Content		89	320	33328092	1065861930
33348	12:27:46.598	00:00:33.348	1673	116,9387	360,5129	0,6784726	0,5283712	647,7385	4,384807	0	129,3247	315,0423	0,421885	0,5286745	652,6978	4,174685	0	121	123	338						Night.jpg	0	1280	1024	0	0	104	311	399	0	Content		123	338	33348004	1065881842
33368	12:27:46.618	00:00:33.367	1674	98,9893	357,269	0,6786671	0,5285194	647,7385	4,32874	0	118,6543	293,9496	0,4220284	0,5290536	652,6978	4,192396	0	121	109	326						Night.jpg	0	1280	1024	0	0	104	311	399	0	Content		109	326	33367957	1065901795
33388	12:27:46.638	00:00:33.387	1675	140,497	333,1813	0,6789657	0,528568	647,7385	4,233064	0	122,1291	301,0779	0,422099	0,5290644	652,6978	4,184968	0	121	131	317						Night.jpg	0	1280	1024	0	0	104	311	399	0	Content		131	317	33387947	1065921785
33408	12:27:46.658	00:00:33.407	1676	130,6108	353,2794	0,6790922	0,5284491	647,7385	4,254138	0	110,1087	342,4616	0,4221314	0,5287179	652,6978	4,183661	0	121	120	348						Night.jpg	0	1280	1024	0	0	104	311	399	0	Content		120	348	33407823	1065941661
33428	12:27:46.678	00:00:33.427	1677	129,3943	337,7644	0,6790854	0,5283803	649,9454	4,289276	0	110,6409	341,009	0,4221025	0,5285264	650,7106	4,170057	0	121	120	339						Night.jpg	0	1280	1024	0	0	104	311	399	0	Content		120	339	33427833	1065961671
33448	12:27:46.698	00:00:33.447	1678	113,8639	288,6157	0,6791342	0,5281699	649,9454	4,298813	0	88,66828	286,484	0,4223003	0,5282287	650,7106	4,147822	0	121	101	288						Night.jpg	0	1280	1024	0	0	104	311	399	0	Content		101	288	33447684	1065981522
33468	12:27:46.718	00:00:33.467	1679	111,947	298,2377	0,6791081	0,5280602	649,9454	4,363232	0	85,02347	285,1005	0,4223107	0,5280781	650,7106	4,193919	0	121	98	292						Night.jpg	0	1280	1024	0	0	104	311	399	0	Content		98	292	33467711	1066001549
33488	12:27:46.738	00:00:33.487	1680	101,4255	317,75	0,6790857	0,5281283	649,9454	4,247515	0	77,30499	252,8089	0,4221812	0,5281625	650,7106	4,134887	0	121	89	285						Night.jpg	0	1280	1024	0	0	104	311	399	0	Content		89	285	33487550	1066021388
33508	12:27:46.758	00:00:33.507	1681	100,452	297,365	0,6790918	0,5282267	649,9454	4,335999	0	91,55284	253,7864	0,4221123	0,5282657	650,7106	4,129511	0	121	96	276						Night.jpg	0	1280	1024	0	0	104	311	399	0	Content		96	276	33507616	1066041454
33527	12:27:46.777	00:00:33.527	1682	104,6717	311,1353	0,6790138	0,5283163	647,0102	4,323441	0	89,24961	259,8541	0,4221182	0,5283156	648,0669	4,107953	0	121	97	285						Night.jpg	0	1280	1024	0	0	104	311	399	0	Content		97	285	33527457	1066061295
33547	12:27:46.797	00:00:33.547	1683	120,7877	308,3792	0,6790869	0,5282958	647,0102	4,259583	0	101,406	296,4126	0,4221005	0,5283327	648,0669	4,341396	0	121	111	302						Night.jpg	0	1280	1024	0	0	104	311	399	0	Content		111	302	33547481	1066081319
33567	12:27:46.817	00:00:33.567	1684	96,78712	311,8944	0,6791198	0,5283352	647,0102	4,252165	0	99,7327	321,1896	0,4221155	0,5283463	648,0669	4,098203	0	121	98	317						Night.jpg	0	1280	1024	0	0	104	311	399	0	Content		98	317	33567280	1066101118
33587	12:27:46.837	00:00:33.587	1685	94,19772	313,8437	0,6791306	0,5283485	647,0102	4,267647	0	76,59997	264,8934	0,4221454	0,52834	648,0669	4,080114	0	121	85	289						Night.jpg	0	1280	1024	0	0	104	311	399	0	Content		85	289	33587154	1066120992
33607	12:27:46.857	00:00:33.607	1686	105,9352	330,4327	0,6791124	0,5283487	647,0102	4,266733	0	101,8907	305,9279	0,4221036	0,5283435	648,0669	4,240206	0	121	104	318						Night.jpg	0	1280	1024	0	0	104	311	399	0	Content		104	318	33607222	1066141060
33627	12:27:46.877	00:00:33.627	1687	106,4873	335,2582	0,6789027	0,5283306	646,9953	4,265723	0	94,46786	305,1202	0,4220481	0,5283753	647,8738	4,104474	0	121	100	320						Night.jpg	0	1280	1024	0	0	104	311	399	0	Content		100	320	33627045	1066160883
33647	12:27:46.897	00:00:33.647	1688	93,12936	294,3227	0,6786243	0,5280537	646,9953	4,257409	0	106,8059	262,4168	0,4219327	0,5282829	647,8738	4,100695	0	121	100	278						Night.jpg	0	1280	1024	0	0	104	311	399	0	Content		100	278	33647120	1066180958
33667	12:27:46.917	00:00:33.666	1689	119,0704	327,8478	0,6784236	0,5275539	646,9953	4,269529	0	97,3326	293,6368	0,4214253	0,5282797	647,8738	4,151708	0	121	108	311						Night.jpg	0	1280	1024	0	0	104	311	399	0	Content		108	311	33666959	1066200797
33687	12:27:46.937	00:00:33.686	1690	155,7266	331,9385	0,677461	0,5275466	646,9953	4,283559	0	180,0829	305,7543	0,4206522	0,5283033	647,8738	4,123253	0	122	168	319						Night.jpg	0	1280	1024	0	0	333	308	458	0	Content		168	319	33686890	1066220728
33707	12:27:46.957	00:00:33.706	1691	357,1447	341,4646	0,6755909	0,5274407	646,9953	4,223064	0	356,4196	314,8464	0,4190911	0,5283144	647,8738	4,192112	0	122	357	328						Night.jpg	0	1280	1024	0	0	333	308	458	0	Content		357	328	33706817	1066240655
33727	12:27:46.977	00:00:33.726	1692	397,2572	327,8068	0,6754627	0,5276453	654,6585	4,278141	0	391,5739	300,0061	0,4187524	0,5284294	655,8996	4,246287	0	122	394	314						Night.jpg	0	1280	1024	0	0	333	308	458	0	Content		394	314	33726789	1066260627
33747	12:27:46.997	00:00:33.746	1693	330,3827	297,726	0,6754701	0,5280858	654,6585	4,35083	0	327,4637	287,6064	0,4186214	0,5285381	655,8996	4,187445	0	122	329	293						Night.jpg	0	1280	1024	0	0	333	308	458	0	Content		329	293	33746714	1066280552
33767	12:27:47.017	00:00:33.766	1694	322,9628	302,9333	0,6755824	0,528326	654,6585	4,303059	0	334,6124	293,1403	0,4187395	0,5288127	655,8996	4,094731	0	122	329	298						Night.jpg	0	1280	1024	0	0	333	308	458	0	Content		329	298	33766647	1066300485
33787	12:27:47.037	00:00:33.786	1695	323,5919	332,1978	0,67573	0,5284035	654,6585	4,383611	0	316,4295	286,3768	0,4189942	0,5289879	655,8996	4,118132	0	122	320	309						Night.jpg	0	1280	1024	0	0	333	308	458	0	Content		320	309	33786515	1066320353
33807	12:27:47.057	00:00:33.806	1696	341,5793	311,962	0,6761297	0,5286471	654,6585	4,342334	0	336,2701	278,4743	0,419221	0,5290561	655,8996	4,326326	0	122	339	295						Night.jpg	0	1280	1024	0	0	333	308	458	0	Content		339	295	33806586	1066340424
33826	12:27:47.076	00:00:33.826	1697	340,3641	327,6955	0,676415	0,5287531	653,0831	4,327796	0	328,8589	278,7666	0,4195764	0,5288476	655,79	4,2967	0	122	335	303						Night.jpg	0	1280	1024	0	0	333	308	458	0	Content		335	303	33826388	1066360226
33846	12:27:47.096	00:00:33.846	1698	345,9005	323,7439	0,6768282	0,5285441	653,0831	4,354405	0	336,7476	299,9133	0,4198881	0,5284684	655,79	4,137961	0	122	341	312						Night.jpg	0	1280	1024	0	0	333	308	458	0	Content		341	312	33846412	1066380250
33866	12:27:47.116	00:00:33.866	1699	331,8485	318,5439	0,6770437	0,5283527	653,0831	4,397879	0	301,8224	274,3476	0,4200026	0,5283276	655,79	4,148547	0	122	317	296						Night.jpg	0	1280	1024	0	0	333	308	458	0	Content		317	296	33866283	1066400121
33886	12:27:47.136	00:00:33.886	1700	324,2498	305,2324	0,6771048	0,5282812	653,0831	4,363942	0	343,7362	254,476	0,4201675	0,5281304	655,79	4,110432	0	122	334	280						Night.jpg	0	1280	1024	0	0	333	308	458	0	Content		334	280	33886333	1066420171
33906	12:27:47.156	00:00:33.906	1701	304,0307	296,1065	0,6770979	0,5281805	653,0831	4,330755	0	338,7214	280,741	0,4201086	0,5277967	655,79	4,141034	0	122	321	288						Night.jpg	0	1280	1024	0	0	333	308	458	0	Content		321	288	33906176	1066440014
33926	12:27:47.176	00:00:33.926	1702	290,7629	282,4382	0,6769925	0,5278846	655,2816	4,356154	0	334,5534	280,1958	0,4199385	0,5278099	653,2576	4,121622	0	122	313	281						Night.jpg	0	1280	1024	0	0	333	308	458	0	Content		313	281	33926001	1066459839
33946	12:27:47.196	00:00:33.946	1703	320,8951	334,6927	0,6767171	0,5278326	655,2816	4,39621	0	344,8878	291,5652	0,4197452	0,5278582	653,2576	4,169638	0	122	333	313						Night.jpg	0	1280	1024	0	0	333	308	458	0	Content		333	313	33946062	1066479900
33966	12:27:47.216	00:00:33.965	1704	320,2789	312,8987	0,6764014	0,5281454	655,2816	4,350743	0	338,4156	279,4286	0,419379	0,5281851	653,2576	4,34205	0	122	329	296						Night.jpg	0	1280	1024	0	0	333	308	458	0	Content		329	296	33965909	1066499747
33986	12:27:47.236	00:00:33.985	1705	342,8544	321,8469	0,6762693	0,5282589	655,2816	4,340569	0	340,345	298,4686	0,4191819	0,5283346	653,2576	4,177204	0	122	342	310						Night.jpg	0	1280	1024	0	0	333	308	458	0	Content		342	310	33985858	1066519696
34006	12:27:47.256	00:00:34.005	1706	336,8724	331,8562	0,676137	0,5284057	655,2816	4,289414	0	333,5399	299,4882	0,4191188	0,52851	653,2576	4,146353	0	122	335	316						Night.jpg	0	1280	1024	0	0	333	308	458	0	Content		335	316	34005807	1066539645
34026	12:27:47.276	00:00:34.025	1707	337,8154	326,2049	0,676154	0,5285659	653,9032	4,256914	0	332,3765	301,0803	0,4191312	0,5288448	653,0046	4,187839	0	122	335	314						Night.jpg	0	1280	1024	0	0	333	308	458	0	Content		335	314	34025738	1066559576
34046	12:27:47.296	00:00:34.045	1708	330,2224	338,6237	0,6762917	0,5285645	653,9032	4,360062	0	320,737	273,7427	0,41923	0,5289246	653,0046	4,158096	0	122	325	306						Night.jpg	0	1280	1024	0	0	333	308	458	0	Content		325	306	34045611	1066579449
34066	12:27:47.316	00:00:34.065	1709	333,1041	336,3613	0,6764274	0,5284376	653,9032	4,333614	0	340,9092	287,5537	0,4194012	0,528793	653,0046	4,023767	0	122	337	312						Night.jpg	0	1280	1024	0	0	333	308	458	0	Content		337	312	34065629	1066599467
34085	12:27:47.335	00:00:34.085	1710	304,6056	345,9876	0,6766395	0,5283809	653,9032	4,295144	0	318,3301	270,9298	0,419574	0,5285825	653,0046	4,121765	0	122	311	308						Night.jpg	0	1280	1024	0	0	333	308	458	0	Content		311	308	34085482	1066619320
34106	12:27:47.356	00:00:34.105	1711	338,4844	336,0048	0,6767463	0,5282386	653,9032	4,243552	0	337,1594	271,8843	0,4196981	0,5284374	653,0046	4,229426	0	122	338	304						Night.jpg	0	1280	1024	0	0	333	308	458	0	Content		338	304	34105541	1066639379
34125	12:27:47.375	00:00:34.125	1712	336,4727	346,0896	0,6767285	0,5281013	650,9667	4,192736	0	329,2915	271,9454	0,4196381	0,5283558	653,8231	4,197781	0	122	333	309						Night.jpg	0	1280	1024	0	0	333	308	458	0	Content		333	309	34125343	1066659181
34145	12:27:47.395	00:00:34.145	1713	178,0473	331,3947	0,6775543	0,5281696	650,9667	4,281639	0	181,2394	306,4075	0,420737	0,5283462	653,8231	4,098153	0	123	180	319						Night.jpg	0	1280	1024	0	0	117	344	239	0	Content		180	319	34145345	1066679183
34165	12:27:47.415	00:00:34.165	1714	111,2261	361,3484	0,6779821	0,5283237	650,9667	4,286591	0	115,8935	345,0111	0,42146	0,5283888	653,8231	4,071553	0	123	114	353						Night.jpg	0	1280	1024	0	0	117	344	239	0	Content		114	353	34165211	1066699049
34185	12:27:47.435	00:00:34.185	1715	103,6928	356,5298	0,6778527	0,528395	650,9667	4,301905	0	162,4162	340,7056	0,421196	0,5285666	653,8231	4,102877	0	123	133	349						Night.jpg	0	1280	1024	0	0	117	344	239	0	Content		133	349	34185251	1066719089
34205	12:27:47.455	00:00:34.205	1716	115,8104	357,2188	0,6778277	0,5285642	650,9667	4,183659	0	118,9365	326,8639	0,4210036	0,5288676	653,8231	4,104177	0	123	117	342						Night.jpg	0	1280	1024	0	0	117	344	239	0	Content		117	342	34205099	1066738937
34225	12:27:47.475	00:00:34.224	1717	113,1074	357,1549	0,6777881	0,5289842	650,7641	4,180542	0	135,9718	357,5667	0,4208749	0,5291554	650,1648	4,08329	0	123	125	357						Night.jpg	0	1280	1024	0	0	117	344	239	0	Content		125	357	34224947	1066758785
34245	12:27:47.495	00:00:34.244	1718	113,1164	340,228	0,6777875	0,5292201	650,7641	4,063956	0	110,5958	328,4633	0,4208125	0,5292413	650,1648	4,032484	0	123	112	334						Night.jpg	0	1280	1024	0	0	117	344	239	0	Content		112	334	34244961	1066778799
34265	12:27:47.515	00:00:34.264	1719	98,3678	354,0446	0,6778117	0,5292492	650,7641	4,218716	0	112,8785	340,6791	0,4208487	0,5292713	650,1648	4,03379	0	123	106	347						Night.jpg	0	1280	1024	0	0	117	344	239	0	Content		106	347	34264855	1066798693
34285	12:27:47.535	00:00:34.284	1720	107,5361	334,2016	0,6778552	0,5292249	650,7641	4,182571	0	119,3678	333,5775	0,4209586	0,5292484	650,1648	3,994199	0	123	113	334						Night.jpg	0	1280	1024	0	0	117	344	239	0	Content		113	334	34284807	1066818645
34305	12:27:47.555	00:00:34.304	1721	120,0644	340,0098	0,6779456	0,5290785	650,7641	4,318459	0	127,4671	337,3329	0,4210553	0,5291838	650,1648	4,141645	0	123	124	339						Night.jpg	0	1280	1024	0	0	117	344	239	0	Content		124	339	34304731	1066838569
34325	12:27:47.575	00:00:34.324	1722	118,4104	347,6406	0,6780219	0,5288193	648,3087	4,323845	0	133,1737	340,6488	0,4210831	0,5291432	650,802	4,145417	0	123	126	344						Night.jpg	0	1280	1024	0	0	117	344	239	0	Content		126	344	34324684	1066858522
34345	12:27:47.595	00:00:34.344	1723	119,7745	364,2719	0,678212	0,5286622	648,3087	4,128339	0	107,0947	330,3839	0,4213231	0,5291159	650,802	4,016649	0	123	113	347						Night.jpg	0	1280	1024	0	0	117	344	239	0	Content		113	347	34344558	1066878396
34365	12:27:47.615	00:00:34.364	1724	118,5466	380,9194	0,6783057	0,5287343	648,3087	4,343836	0	111,5002	344,1875	0,4213159	0,5290971	650,802	4,03346	0	123	115	363						Night.jpg	0	1280	1024	0	0	117	344	239	0	Content		115	363	34364556	1066898394
34384	12:27:47.634	00:00:34.384	1725	124,6086	354,7741	0,6782939	0,5289251	648,3087	4,238853	0	120,3592	330,4368	0,4212949	0,5291308	650,802	3,989471	0		122	343						Night.jpg	0	1280	1024	0	0				0	Content		122	343	34384426	1066918264
34404	12:27:47.654	00:00:34.404	1726	119,7328	359,2737	0,6782231	0,5290083	648,3087	4,275034	0	129,8038	364,6888	0,421262	0,529216	650,802	4,153758	0		125	362						Night.jpg	0	1280	1024	0	0				0	Content		125	362	34404427	1066938265
34440	12:27:47.690																				ImageEnd	16	0	0	Night.jpg
